{
    "Eu": {
        "jid": "JVASP-88846",
        "energy_alignn_ff": -1.959056,
        "energy_chgnet": -10.253422,
        "energy_matgl": -10.171406,
        "energy_mace": -10.2523955,
        "energy_sevennet": -10.2651205
    },
    "Ru": {
        "jid": "JVASP-987",
        "energy_alignn_ff": -4.911544,
        "energy_chgnet": -9.140766,
        "energy_matgl": -9.2708045,
        "energy_mace": -9.2447245,
        "energy_sevennet": -9.26455
    },
    "Re": {
        "jid": "JVASP-981",
        "energy_alignn_ff": -7.9723265,
        "energy_chgnet": -12.457021,
        "energy_matgl": -12.454343,
        "energy_mace": -12.443777,
        "energy_sevennet": -12.441499
    },
    "Rb": {
        "jid": "JVASP-25388",
        "energy_alignn_ff": 1.2639575,
        "energy_chgnet": -0.96709,
        "energy_matgl": -0.945327,
        "energy_mace": -0.947626,
        "energy_sevennet": -0.9447955
    },
    "Rh": {
        "jid": "JVASP-984",
        "energy_alignn_ff": -2.738144,
        "energy_chgnet": -7.300445,
        "energy_matgl": -7.390478,
        "energy_mace": -7.290643,
        "energy_sevennet": -7.341245
    },
    "Be": {
        "jid": "JVASP-834",
        "energy_alignn_ff": -1.172956,
        "energy_chgnet": -3.7293225,
        "energy_matgl": -3.6833285,
        "energy_mace": -3.7484385,
        "energy_sevennet": -3.7126385
    },
    "Ba": {
        "jid": "JVASP-14604",
        "energy_alignn_ff": 0.504432,
        "energy_chgnet": -1.882994,
        "energy_matgl": -1.884151,
        "energy_mace": -1.862737,
        "energy_sevennet": -1.823505
    },
    "Bi": {
        "jid": "JVASP-837",
        "energy_alignn_ff": -1.1796125,
        "energy_chgnet": -3.8214735,
        "energy_matgl": -3.8210865,
        "energy_mace": -3.8594375,
        "energy_sevennet": -3.860356
    },
    "Br": {
        "jid": "JVASP-840",
        "energy_alignn_ff": 0.111092,
        "energy_chgnet": -1.6219065,
        "energy_matgl": -1.57035975,
        "energy_mace": -1.918754,
        "energy_sevennet": -1.63592475
    },
    "H": {
        "jid": "JVASP-25379",
        "energy_alignn_ff": -3.390353,
        "energy_chgnet": -3.372895,
        "energy_matgl": -3.41707,
        "energy_mace": -3.35942325,
        "energy_sevennet": -3.3967095
    },
    "P": {
        "jid": "JVASP-25144",
        "energy_alignn_ff": -3.936694,
        "energy_chgnet": -5.403327,
        "energy_matgl": -5.35841075,
        "energy_mace": -5.41365725,
        "energy_sevennet": -5.3782965
    },
    "Os": {
        "jid": "JVASP-14744",
        "energy_alignn_ff": -6.7488375,
        "energy_chgnet": -11.17282,
        "energy_matgl": -11.2222565,
        "energy_mace": -11.208637,
        "energy_sevennet": -11.2106325
    },
    "Ge": {
        "jid": "JVASP-890",
        "energy_alignn_ff": -0.9296625,
        "energy_chgnet": -4.456685,
        "energy_matgl": -4.5874235,
        "energy_mace": -4.5258085,
        "energy_sevennet": -4.577574
    },
    "Ga": {
        "jid": "JVASP-14622",
        "energy_alignn_ff": 0.651836,
        "energy_chgnet": -3.01915925,
        "energy_matgl": -3.02938625,
        "energy_mace": -3.029211,
        "energy_sevennet": -3.0231815
    },
    "Pr": {
        "jid": "JVASP-969",
        "energy_alignn_ff": -2.2528295,
        "energy_chgnet": -4.7477165,
        "energy_matgl": -4.74495175,
        "energy_mace": -4.779047,
        "energy_sevennet": -4.763914
    },
    "Pt": {
        "jid": "JVASP-972",
        "energy_alignn_ff": -2.918793,
        "energy_chgnet": -6.092452,
        "energy_matgl": -6.084422,
        "energy_mace": -6.0348,
        "energy_sevennet": -6.059916
    },
    "Pu": {
        "jid": "JVASP-25254",
        "energy_alignn_ff": -9.9656085,
        "energy_chgnet": -14.2657575,
        "energy_matgl": -14.262664,
        "energy_mace": -14.1881525,
        "energy_sevennet": -14.259139
    },
    "C": {
        "jid": "JVASP-25407",
        "energy_alignn_ff": -6.86239725,
        "energy_chgnet": -9.180709,
        "energy_matgl": -9.15409575,
        "energy_mace": -9.21273225,
        "energy_sevennet": -9.21711925
    },
    "Pb": {
        "jid": "JVASP-961",
        "energy_alignn_ff": -0.271016,
        "energy_chgnet": -3.663821,
        "energy_matgl": -3.708089,
        "energy_mace": -3.696473,
        "energy_sevennet": -3.692711
    },
    "Pa": {
        "jid": "JVASP-958",
        "energy_alignn_ff": -6.305937,
        "energy_chgnet": -9.436422,
        "energy_matgl": -9.488003,
        "energy_mace": -9.385218,
        "energy_sevennet": -9.485789
    },
    "Pd": {
        "jid": "JVASP-963",
        "energy_alignn_ff": -1.464927,
        "energy_chgnet": -5.202854,
        "energy_matgl": -5.16607,
        "energy_mace": -5.187269,
        "energy_sevennet": -5.187177
    },
    "Cd": {
        "jid": "JVASP-14832",
        "energy_alignn_ff": 2.5374005,
        "energy_chgnet": -0.9251905,
        "energy_matgl": -0.937331,
        "energy_mace": -0.908682,
        "energy_sevennet": -0.906839
    },
    "Pm": {
        "jid": "JVASP-966",
        "energy_alignn_ff": -2.07879675,
        "energy_chgnet": -4.73003,
        "energy_matgl": -4.70232675,
        "energy_mace": -4.7350055,
        "energy_sevennet": -4.7350125
    },
    "Ho": {
        "jid": "JVASP-25125",
        "energy_alignn_ff": -1.8107043333333335,
        "energy_chgnet": -4.564541333333334,
        "energy_matgl": -4.5620140000000005,
        "energy_mace": -4.573492333333333,
        "energy_sevennet": -4.569997333333333
    },
    "Hf": {
        "jid": "JVASP-802",
        "energy_alignn_ff": -7.1547165,
        "energy_chgnet": -9.9135115,
        "energy_matgl": -9.94129,
        "energy_mace": -9.9602735,
        "energy_sevennet": -9.9526465
    },
    "Hg": {
        "jid": "JVASP-25273",
        "energy_alignn_ff": 2.640838,
        "energy_chgnet": -0.285384,
        "energy_matgl": -0.28593,
        "energy_mace": -0.288451,
        "energy_sevennet": -0.276385
    },
    "He": {
        "jid": "JVASP-25167",
        "energy_alignn_ff": 0.692646,
        "energy_chgnet": -0.051122,
        "energy_matgl": 0.004336,
        "energy_mace": 0.009653,
        "energy_sevennet": -0.0415045
    },
    "Mg": {
        "jid": "JVASP-919",
        "energy_alignn_ff": 1.408972,
        "energy_chgnet": -1.596146,
        "energy_matgl": -1.5950905,
        "energy_mace": -1.6067645,
        "energy_sevennet": -1.6045245
    },
    "K": {
        "jid": "JVASP-25114",
        "energy_alignn_ff": 1.250066,
        "energy_chgnet": -1.089017,
        "energy_matgl": -0.900627,
        "energy_mace": -1.088554,
        "energy_sevennet": -1.072364
    },
    "Mn": {
        "jid": "JVASP-922",
        "energy_alignn_ff": -4.3859348275862065,
        "energy_chgnet": -9.111478793103448,
        "energy_matgl": -9.133505999999999,
        "energy_mace": -9.164792827586208,
        "energy_sevennet": -9.115948896551725
    },
    "O": {
        "jid": "JVASP-949",
        "energy_alignn_ff": -3.092893625,
        "energy_chgnet": -4.93406625,
        "energy_matgl": -4.92246625,
        "energy_mace": -5.090092625,
        "energy_sevennet": -4.922183
    },
    "S": {
        "jid": "JVASP-95268",
        "energy_alignn_ff": -2.49916290625,
        "energy_chgnet": -4.15215875,
        "energy_matgl": -4.0800199375,
        "energy_mace": -4.11382196875,
        "energy_sevennet": -4.1272320625
    },
    "W": {
        "jid": "JVASP-79561",
        "energy_alignn_ff": -9.1716985,
        "energy_chgnet": -12.76264375,
        "energy_matgl": -12.88728225,
        "energy_mace": -12.74655525,
        "energy_sevennet": -12.7603645
    },
    "Zn": {
        "jid": "JVASP-1056",
        "energy_alignn_ff": 2.3596515,
        "energy_chgnet": -1.2631135,
        "energy_matgl": -1.279107,
        "energy_mace": -1.277153,
        "energy_sevennet": -1.2559245
    },